{
  "dataset": "dblp",
  "tppr_alpha": 0.2,
  "tppr_K": 3,
  "taps_budget_mode": "nlogn",
  "taps_budget_beta": 0.3,
  "node_count": 28085,
  "raw_nnz": 75632290,
  "upper_edge_count": 37816145,
  "two_m": 15067.305148001415,
  "rows": [
    {
      "gamma": 0.01,
      "edge_count": 37816145,
      "negative_edge_ratio": 0.07729381194196289,
      "negative_mass_ratio": 0.00011076923291462671,
      "positive_mass_ratio": 0.9998892307670875,
      "zeroed_edge_ratio_if_clamp": 0.07729381194196289,
      "residual_min": -8.289380367069701e-06,
      "residual_max": 0.3542999189233342,
      "residual_mean": 0.00019884853490690225,
      "residual_std": 0.0029795276417363134,
      "residual_weight_density": 0.08847837321728448,
      "degree_after_clamp_min": 0.0,
      "degree_after_clamp_max": 6.673067554567952,
      "degree_after_clamp_mean": 0.5355540796432767,
      "zero_degree_node_count_after_clamp": 1743,
      "critical_gamma_p05": 0.006635660856665233,
      "critical_gamma_p10": 0.0130205211261317,
      "critical_gamma_p25": 0.04061791329726613,
      "critical_gamma_p50": 0.15036958787341329,
      "critical_gamma_p75": 0.6306146818986426,
      "critical_gamma_p90": 2.8155529051538646
    },
    {
      "gamma": 0.025,
      "edge_count": 37816145,
      "negative_edge_ratio": 0.17560153209693902,
      "negative_mass_ratio": 0.0006247822265125246,
      "positive_mass_ratio": 0.9993752177734861,
      "zeroed_edge_ratio_if_clamp": 0.17560153209693902,
      "residual_min": -3.010923410269162e-05,
      "residual_max": 0.35429979395557415,
      "residual_mean": 0.0001982945038869351,
      "residual_std": 0.0029795316584233207,
      "residual_weight_density": 0.0790516443750972,
      "degree_after_clamp_min": 0.0,
      "degree_after_clamp_max": 6.607591576519747,
      "degree_after_clamp_mean": 0.5343368096039993,
      "zero_degree_node_count_after_clamp": 1743,
      "critical_gamma_p05": 0.006635660856665233,
      "critical_gamma_p10": 0.0130205211261317,
      "critical_gamma_p25": 0.04061791329726613,
      "critical_gamma_p50": 0.15036958787341329,
      "critical_gamma_p75": 0.6306146818986426,
      "critical_gamma_p90": 2.8155529051538646
    },
    {
      "gamma": 0.05,
      "edge_count": 37816145,
      "negative_edge_ratio": 0.2860015477516283,
      "negative_mass_ratio": 0.002056565000662015,
      "positive_mass_ratio": 0.9979434349993387,
      "zeroed_edge_ratio_if_clamp": 0.2860015477516283,
      "residual_min": -6.719553745712504e-05,
      "residual_max": 0.35429958567597414,
      "residual_mean": 0.00019737111885365593,
      "residual_std": 0.0029795385276960105,
      "residual_weight_density": 0.06846538641406841,
      "degree_after_clamp_min": 0.0,
      "degree_after_clamp_max": 6.513175239504443,
      "degree_after_clamp_mean": 0.532613713109335,
      "zero_degree_node_count_after_clamp": 1743,
      "critical_gamma_p05": 0.006635660856665233,
      "critical_gamma_p10": 0.0130205211261317,
      "critical_gamma_p25": 0.04061791329726613,
      "critical_gamma_p50": 0.15036958787341329,
      "critical_gamma_p75": 0.6306146818986426,
      "critical_gamma_p90": 2.8155529051538646
    },
    {
      "gamma": 0.1,
      "edge_count": 37816145,
      "negative_edge_ratio": 0.41847248047097346,
      "negative_mass_ratio": 0.006152819359024709,
      "positive_mass_ratio": 0.9938471806409749,
      "zeroed_edge_ratio_if_clamp": 0.41847248047097346,
      "residual_min": -0.0001413681441659919,
      "residual_max": 0.35429916911677406,
      "residual_mean": 0.00019552434878709825,
      "residual_std": 0.0029795529217146624,
      "residual_weight_density": 0.05576273798204055,
      "degree_after_clamp_min": 0.0,
      "degree_after_clamp_max": 6.3595642626645175,
      "degree_after_clamp_mean": 0.5298228759546321,
      "zero_degree_node_count_after_clamp": 1743,
      "critical_gamma_p05": 0.006635660856665233,
      "critical_gamma_p10": 0.0130205211261317,
      "critical_gamma_p25": 0.04061791329726613,
      "critical_gamma_p50": 0.15036958787341329,
      "critical_gamma_p75": 0.6306146818986426,
      "critical_gamma_p90": 2.8155529051538646
    },
    {
      "gamma": 0.25,
      "edge_count": 37816145,
      "negative_edge_ratio": 0.598156105018108,
      "negative_mass_ratio": 0.022804184592543145,
      "positive_mass_ratio": 0.9771958154074556,
      "zeroed_edge_ratio_if_clamp": 0.598156105018108,
      "residual_min": -0.0003796910163626452,
      "residual_max": 0.354297919439174,
      "residual_mean": 0.00018998403858742492,
      "residual_std": 0.002979601347438536,
      "residual_weight_density": 0.03853285637631727,
      "degree_after_clamp_min": 0.0,
      "degree_after_clamp_max": 6.0407013214806415,
      "degree_after_clamp_mean": 0.5238475459093228,
      "zero_degree_node_count_after_clamp": 1743,
      "critical_gamma_p05": 0.006635660856665233,
      "critical_gamma_p10": 0.0130205211261317,
      "critical_gamma_p25": 0.04061791329726613,
      "critical_gamma_p50": 0.15036958787341329,
      "critical_gamma_p75": 0.6306146818986426,
      "critical_gamma_p90": 2.8155529051538646
    }
  ]
}